[Header],,,,,,,
,,,,,,,
IEMFileVersion,4,,,,,,
,,,,,,,
Investigator Name,"BDA,JW,ZJ",,,,,,
,,,,,,,
Project Name,L2D Run2 + JW RIC Run 2 + ZJ Things,,,,,,
Experiment Name,L2D Run2 + JW RIC Run 2 + ZJ Things,,,,,,
Date,10/16/2018,,,,,,
Workflow,GenerateFASTQ,,,,,,
Application,FASTQ Only,,,,,,
Assay,Nextera,,,,,,
Description,,,,,,,
Chemistry,Amplicon,,,,,,
,,,,,,,
[Reads],,,,,,,
,,,,,,,
50,,,,,,,
,,,,,,,
50,,,,,,,
,,,,,,,
,,,,,,,
[Settings],,,,,,,
,,,,,,,
,,,,,,,
[Data],,,,,,,
Sample_ID,Sample_Name,Sample_Plate,Sample_Well,I7_Index_ID,index,Sample_Project,Description
BA1,BA1,,,BL1,CCGCTCTC,,
BA2,BA2,,,BL2,TGTCACGA,,
BA3,BA3,,,BL3,ACGGATAA,,
BA4,BA4,,,BL4,AGAAAATC,,
BA5,BA5,,,BL5,TAGTAGTG,,
BA6,BA6,,,BL6,AGTACTGA,,
BA7,BA7,,,BL7,GAGTCGTG,,
BA8,BA8,,,BL8,GCAGAATC,,
BA9,BA9,,,BL9,TGGCTGCG,,
BA10,BA10,,,BL10,GCGATACG,,
BA11,BA11,,,BL11,GCTTTCTG,,
BA12,BA12,,,BL12,GCTGACTG,,
BA14,BA14,,,BL14,CAGAGCAC,,
BA15,BA15,,,BL15,GTCCTGCC,,
BA16,BA16,,,BL16,TGCGAGTT,,
BA17,BA17,,,BL17,TCTCACTA,,
BA18,BA18,,,BL18,CATGTAAC,,
BA19,BA19,,,BL19,CCAACGAA,,
BA20,BA20,,,BL20,GGAAGAGC,,
BA21,BA21,,,BL21,TTCGTGTC,,
BA22,BA22,,,BL22,AACTGAGG,,
BA23,BA23,,,BL23,TGTAGGCC,,
BA24,BA24,,,BL24,AGGTAGGA,,
BA25,BA25,,,RD31,TCAGAGCT,,
